0,1
Producto no encontrado,B377
Producto no encontrado,B378
Producto no encontrado,B387
Producto no encontrado,B389
Producto no encontrado,B390
Producto no encontrado,B391
Producto no encontrado,B399
Producto no encontrado,B401
Producto no encontrado,B405
B416,Producto no encontrado
Producto no encontrado,B417
Producto no encontrado,B419
Producto no encontrado,B420
B421,Producto no encontrado
Producto no encontrado,B427
Producto no encontrado,B434
Producto no encontrado,B435
Producto no encontrado,B436
Producto no encontrado,B437
B438,Producto no encontrado
B439,Producto no encontrado
B440,Producto no encontrado
Producto no encontrado,B441
Producto no encontrado,B442
Producto no encontrado,B443
Producto no encontrado,B444
Producto no encontrado,B445
Producto no encontrado,B446
Producto no encontrado,B447
Producto no encontrado,B448
Producto no encontrado,B449
B452,Producto no encontrado
Producto no encontrado,B453
Producto no encontrado,B471
Producto no encontrado,B473
Producto no encontrado,B480
Producto no encontrado,B481
Producto no encontrado,B482
Producto no encontrado,B487
Producto no encontrado,B488
Producto no encontrado,B496
Producto no encontrado,B497
Producto no encontrado,B506
